region,years,sex,age_gr,population
netherlands,2000,Both,0 to 9,1889619.5
netherlands,2000,Both,10 to 19,1904552.5
netherlands,2000,Both,100 and over,0
netherlands,2000,Both,20 to 29,2071583
netherlands,2000,Both,30 to 39,2641855.5
netherlands,2000,Both,40 to 49,2378822.5
netherlands,2000,Both,50 to 59,2061609.5
netherlands,2000,Both,60 to 69,1395358
netherlands,2000,Both,70 to 79,1032344
netherlands,2000,Both,80 to 89,469521
netherlands,2000,Both,90 to 99,64676.5
netherlands,2000,Both,Overall,15909942
netherlands,2000,Female,0 to 9,922786
netherlands,2000,Female,10 to 19,930106
netherlands,2000,Female,100 and over,0
netherlands,2000,Female,20 to 29,1024821.5
netherlands,2000,Female,30 to 39,1294601
netherlands,2000,Female,40 to 49,1174016
netherlands,2000,Female,50 to 59,1014181.5
netherlands,2000,Female,60 to 69,714565.5
netherlands,2000,Female,70 to 79,592806
netherlands,2000,Female,80 to 89,316654
netherlands,2000,Female,90 to 99,50255
netherlands,2000,Female,Overall,8034792.5
netherlands,2000,Male,0 to 9,966833.5
netherlands,2000,Male,10 to 19,974446.5
netherlands,2000,Male,100 and over,0
netherlands,2000,Male,20 to 29,1046761.5
netherlands,2000,Male,30 to 39,1347254.5
netherlands,2000,Male,40 to 49,1204806.5
netherlands,2000,Male,50 to 59,1047428
netherlands,2000,Male,60 to 69,680792.5
netherlands,2000,Male,70 to 79,439538
netherlands,2000,Male,80 to 89,152867
netherlands,2000,Male,90 to 99,14421.5
netherlands,2000,Male,Overall,7875149.5
netherlands,2001,Both,0 to 9,1898762.5
netherlands,2001,Both,10 to 19,1930126.5
netherlands,2001,Both,100 and over,0
netherlands,2001,Both,20 to 29,2031287
netherlands,2001,Both,30 to 39,2640181
netherlands,2001,Both,40 to 49,2416165.5
netherlands,2001,Both,50 to 59,2115756.5
netherlands,2001,Both,60 to 69,1411396.5
netherlands,2001,Both,70 to 79,1037516.5
netherlands,2001,Both,80 to 89,483482
netherlands,2001,Both,90 to 99,65423.5
netherlands,2001,Both,Overall,16030097.5
netherlands,2001,Female,0 to 9,927200
netherlands,2001,Female,10 to 19,941912
netherlands,2001,Female,100 and over,0
netherlands,2001,Female,20 to 29,1005986.5
netherlands,2001,Female,30 to 39,1294542.5
netherlands,2001,Female,40 to 49,1193151.5
netherlands,2001,Female,50 to 59,1041699
netherlands,2001,Female,60 to 69,719857
netherlands,2001,Female,70 to 79,592363.5
netherlands,2001,Female,80 to 89,324725.5
netherlands,2001,Female,90 to 99,50705
netherlands,2001,Female,Overall,8092142.5
netherlands,2001,Male,0 to 9,971562.5
netherlands,2001,Male,10 to 19,988214.5
netherlands,2001,Male,100 and over,0
netherlands,2001,Male,20 to 29,1025300.5
netherlands,2001,Male,30 to 39,1345638.5
netherlands,2001,Male,40 to 49,1223014
netherlands,2001,Male,50 to 59,1074057.5
netherlands,2001,Male,60 to 69,691539.5
netherlands,2001,Male,70 to 79,445153
netherlands,2001,Male,80 to 89,158756.5
netherlands,2001,Male,90 to 99,14718.5
netherlands,2001,Male,Overall,7937955
netherlands,2002,Both,0 to 9,1904983
netherlands,2002,Both,10 to 19,1956392
netherlands,2002,Both,100 and over,0
netherlands,2002,Both,20 to 29,1996255.5
netherlands,2002,Both,30 to 39,2620747
netherlands,2002,Both,40 to 49,2446709.5
netherlands,2002,Both,50 to 59,2168258.5
netherlands,2002,Both,60 to 69,1432000
netherlands,2002,Both,70 to 79,1045024.5
netherlands,2002,Both,80 to 89,495121.5
netherlands,2002,Both,90 to 99,66995
netherlands,2002,Both,Overall,16132486.5
netherlands,2002,Female,0 to 9,930418.5
netherlands,2002,Female,10 to 19,954479
netherlands,2002,Female,100 and over,0
netherlands,2002,Female,20 to 29,988419
netherlands,2002,Female,30 to 39,1287405.5
netherlands,2002,Female,40 to 49,1208754
netherlands,2002,Female,50 to 59,1068811
netherlands,2002,Female,60 to 69,727537
netherlands,2002,Female,70 to 79,593353
netherlands,2002,Female,80 to 89,330794
netherlands,2002,Female,90 to 99,51731
netherlands,2002,Female,Overall,8141702
netherlands,2002,Male,0 to 9,974564.5
netherlands,2002,Male,10 to 19,1001913
netherlands,2002,Male,100 and over,0
netherlands,2002,Male,20 to 29,1007836.5
netherlands,2002,Male,30 to 39,1333341.5
netherlands,2002,Male,40 to 49,1237955.5
netherlands,2002,Male,50 to 59,1099447.5
netherlands,2002,Male,60 to 69,704463
netherlands,2002,Male,70 to 79,451671.5
netherlands,2002,Male,80 to 89,164327.5
netherlands,2002,Male,90 to 99,15264
netherlands,2002,Male,Overall,7990784.5
netherlands,2003,Both,0 to 9,1907726.5
netherlands,2003,Both,10 to 19,1977575.5
netherlands,2003,Both,100 and over,0
netherlands,2003,Both,20 to 29,1973221.5
netherlands,2003,Both,30 to 39,2572576
netherlands,2003,Both,40 to 49,2480580
netherlands,2003,Both,50 to 59,2204954
netherlands,2003,Both,60 to 69,1468215
netherlands,2003,Both,70 to 79,1047390
netherlands,2003,Both,80 to 89,507643.5
netherlands,2003,Both,90 to 99,68631.5
netherlands,2003,Both,Overall,16208513.5
netherlands,2003,Female,0 to 9,931528.5
netherlands,2003,Female,10 to 19,965220
netherlands,2003,Female,100 and over,0
netherlands,2003,Female,20 to 29,977472.5
netherlands,2003,Female,30 to 39,1267505
netherlands,2003,Female,40 to 49,1225718.5
netherlands,2003,Female,50 to 59,1088398.5
netherlands,2003,Female,60 to 69,743353
netherlands,2003,Female,70 to 79,591253
netherlands,2003,Female,80 to 89,337539
netherlands,2003,Female,90 to 99,52819
netherlands,2003,Female,Overall,8180807
netherlands,2003,Male,0 to 9,976198
netherlands,2003,Male,10 to 19,1012355.5
netherlands,2003,Male,100 and over,0
netherlands,2003,Male,20 to 29,995749
netherlands,2003,Male,30 to 39,1305071
netherlands,2003,Male,40 to 49,1254861.5
netherlands,2003,Male,50 to 59,1116555.5
netherlands,2003,Male,60 to 69,724862
netherlands,2003,Male,70 to 79,456137
netherlands,2003,Male,80 to 89,170104.5
netherlands,2003,Male,90 to 99,15812.5
netherlands,2003,Male,Overall,8027706.5
netherlands,2004,Both,0 to 9,1903133
netherlands,2004,Both,10 to 19,1989058.5
netherlands,2004,Both,100 and over,0
netherlands,2004,Both,20 to 29,1959354
netherlands,2004,Both,30 to 39,2509200
netherlands,2004,Both,40 to 49,2513956.5
netherlands,2004,Both,50 to 59,2234337
netherlands,2004,Both,60 to 69,1511010.5
netherlands,2004,Both,70 to 79,1054563
netherlands,2004,Both,80 to 89,519205.5
netherlands,2004,Both,90 to 99,70634.5
netherlands,2004,Both,Overall,16264452.5
netherlands,2004,Female,0 to 9,929235
netherlands,2004,Female,10 to 19,971770
netherlands,2004,Female,100 and over,0
netherlands,2004,Female,20 to 29,971287.5
netherlands,2004,Female,30 to 39,1240070
netherlands,2004,Female,40 to 49,1242661
netherlands,2004,Female,50 to 59,1104263.5
netherlands,2004,Female,60 to 69,762984.5
netherlands,2004,Female,70 to 79,591124.5
netherlands,2004,Female,80 to 89,343975.5
netherlands,2004,Female,90 to 99,54157
netherlands,2004,Female,Overall,8211528.5
netherlands,2004,Male,0 to 9,973898
netherlands,2004,Male,10 to 19,1017288.5
netherlands,2004,Male,100 and over,0
netherlands,2004,Male,20 to 29,988066.5
netherlands,2004,Male,30 to 39,1269130
netherlands,2004,Male,40 to 49,1271295.5
netherlands,2004,Male,50 to 59,1130073.5
netherlands,2004,Male,60 to 69,748026
netherlands,2004,Male,70 to 79,463438.5
netherlands,2004,Male,80 to 89,175230
netherlands,2004,Male,90 to 99,16477.5
netherlands,2004,Male,Overall,8052924
netherlands,2005,Both,0 to 9,1895513.5
netherlands,2005,Both,10 to 19,1989511.5
netherlands,2005,Both,100 and over,0
netherlands,2005,Both,20 to 29,1955080
netherlands,2005,Both,30 to 39,2438118
netherlands,2005,Both,40 to 49,2269404
netherlands,2005,Both,50 to 59,2274235
netherlands,2005,Both,60 to 69,1543781.5
netherlands,2005,Both,70 to 79,1064354.5
netherlands,2005,Both,80 to 89,531253.5
netherlands,2005,Both,90 to 99,71962.5
netherlands,2005,Both,Overall,16033214
netherlands,2005,Female,0 to 9,925651
netherlands,2005,Female,10 to 19,972287
netherlands,2005,Female,100 and over,0
netherlands,2005,Female,20 to 29,970023.5
netherlands,2005,Female,30 to 39,1209013
netherlands,2005,Female,40 to 49,1254275.5
netherlands,2005,Female,50 to 59,1125956.5
netherlands,2005,Female,60 to 69,778178.5
netherlands,2005,Female,70 to 79,592645
netherlands,2005,Female,80 to 89,350227
netherlands,2005,Female,90 to 99,55115
netherlands,2005,Female,Overall,8233372
netherlands,2005,Male,0 to 9,969862.5
netherlands,2005,Male,10 to 19,1017224.5
netherlands,2005,Male,100 and over,0
netherlands,2005,Male,20 to 29,985056.5
netherlands,2005,Male,30 to 39,1229105
netherlands,2005,Male,40 to 49,1283860.5
netherlands,2005,Male,50 to 59,1148278.5
netherlands,2005,Male,60 to 69,765603
netherlands,2005,Male,70 to 79,471709.5
netherlands,2005,Male,80 to 89,181026.5
netherlands,2005,Male,90 to 99,16847.5
netherlands,2005,Male,Overall,8068574
netherlands,2006,Both,0 to 9,1883110.5
netherlands,2006,Both,10 to 19,1984737
netherlands,2006,Both,100 and over,0
netherlands,2006,Both,20 to 29,1954907
netherlands,2006,Both,30 to 39,2099598
netherlands,2006,Both,40 to 49,2551110.5
netherlands,2006,Both,50 to 59,2250087.5
netherlands,2006,Both,60 to 69,1641768.5
netherlands,2006,Both,70 to 79,1076313
netherlands,2006,Both,80 to 89,543633.5
netherlands,2006,Both,90 to 99,73241.5
netherlands,2006,Both,Overall,16058507
netherlands,2006,Female,0 to 9,920119
netherlands,2006,Female,10 to 19,969150
netherlands,2006,Female,100 and over,0
netherlands,2006,Female,20 to 29,970873.5
netherlands,2006,Female,30 to 39,1177493.5
netherlands,2006,Female,40 to 49,1261455.5
netherlands,2006,Female,50 to 59,1115574.5
netherlands,2006,Female,60 to 69,825538.5
netherlands,2006,Female,70 to 79,595459.5
netherlands,2006,Female,80 to 89,356208.5
netherlands,2006,Female,90 to 99,56058.5
netherlands,2006,Female,Overall,8247931
netherlands,2006,Male,0 to 9,962991.5
netherlands,2006,Male,10 to 19,1015587
netherlands,2006,Male,100 and over,0
netherlands,2006,Male,20 to 29,984033.5
netherlands,2006,Male,30 to 39,1191280
netherlands,2006,Male,40 to 49,1289655
netherlands,2006,Male,50 to 59,1134513
netherlands,2006,Male,60 to 69,816230
netherlands,2006,Male,70 to 79,480853.5
netherlands,2006,Male,80 to 89,187425
netherlands,2006,Male,90 to 99,17183
netherlands,2006,Male,Overall,8079751.5
netherlands,2007,Both,0 to 9,1867662.5
netherlands,2007,Both,10 to 19,1982525.5
netherlands,2007,Both,100 and over,0
netherlands,2007,Both,20 to 29,1962129
netherlands,2007,Both,30 to 39,2301585
netherlands,2007,Both,40 to 49,2559980
netherlands,2007,Both,50 to 59,2238058.5
netherlands,2007,Both,60 to 69,1730569.5
netherlands,2007,Both,70 to 79,1089788
netherlands,2007,Both,80 to 89,555323.5
netherlands,2007,Both,90 to 99,74799
netherlands,2007,Both,Overall,16362420.5
netherlands,2007,Female,0 to 9,912293.5
netherlands,2007,Female,10 to 19,968698
netherlands,2007,Female,100 and over,0
netherlands,2007,Female,20 to 29,973756.5
netherlands,2007,Female,30 to 39,1146654.5
netherlands,2007,Female,40 to 49,1266194.5
netherlands,2007,Female,50 to 59,1110865
netherlands,2007,Female,60 to 69,869033
netherlands,2007,Female,70 to 79,599348
netherlands,2007,Female,80 to 89,361612
netherlands,2007,Female,90 to 99,57046
netherlands,2007,Female,Overall,8265501
netherlands,2007,Male,0 to 9,955369
netherlands,2007,Male,10 to 19,1013827.5
netherlands,2007,Male,100 and over,0
netherlands,2007,Male,20 to 29,988372.5
netherlands,2007,Male,30 to 39,1154930.5
netherlands,2007,Male,40 to 49,1293785.5
netherlands,2007,Male,50 to 59,1127193.5
netherlands,2007,Male,60 to 69,861536.5
netherlands,2007,Male,70 to 79,490440
netherlands,2007,Male,80 to 89,193711.5
netherlands,2007,Male,90 to 99,17753
netherlands,2007,Male,Overall,8096919.5
netherlands,2008,Both,0 to 9,1849484.5
netherlands,2008,Both,10 to 19,1989210.5
netherlands,2008,Both,100 and over,0
netherlands,2008,Both,20 to 29,1977219.5
netherlands,2008,Both,30 to 39,2243059
netherlands,2008,Both,40 to 49,2569383
netherlands,2008,Both,50 to 59,2244298.5
netherlands,2008,Both,60 to 69,1798280.5
netherlands,2008,Both,70 to 79,1108341
netherlands,2008,Both,80 to 89,570424.5
netherlands,2008,Both,90 to 99,75573
netherlands,2008,Both,Overall,16425274
netherlands,2008,Female,0 to 9,903429.5
netherlands,2008,Female,10 to 19,971899
netherlands,2008,Female,100 and over,0
netherlands,2008,Female,20 to 29,980173.5
netherlands,2008,Female,30 to 39,1118902.5
netherlands,2008,Female,40 to 49,1271258
netherlands,2008,Female,50 to 59,1115386
netherlands,2008,Female,60 to 69,901824.5
netherlands,2008,Female,70 to 79,605300
netherlands,2008,Female,80 to 89,368931.5
netherlands,2008,Female,90 to 99,57512
netherlands,2008,Female,Overall,8294616.5
netherlands,2008,Male,0 to 9,946055
netherlands,2008,Male,10 to 19,1017311.5
netherlands,2008,Male,100 and over,0
netherlands,2008,Male,20 to 29,997046
netherlands,2008,Male,30 to 39,1124156.5
netherlands,2008,Male,40 to 49,1298125
netherlands,2008,Male,50 to 59,1128912.5
netherlands,2008,Male,60 to 69,896456
netherlands,2008,Male,70 to 79,503041
netherlands,2008,Male,80 to 89,201493
netherlands,2008,Male,90 to 99,18061
netherlands,2008,Male,Overall,8130657.5
netherlands,2009,Both,0 to 9,1834423.5
netherlands,2009,Both,10 to 19,1996818
netherlands,2009,Both,100 and over,0
netherlands,2009,Both,20 to 29,2001148.5
netherlands,2009,Both,30 to 39,2178012.5
netherlands,2009,Both,40 to 49,2586602.5
netherlands,2009,Both,50 to 59,2265202.5
netherlands,2009,Both,60 to 69,1855636.5
netherlands,2009,Both,70 to 79,1129667.5
netherlands,2009,Both,80 to 89,583935.5
netherlands,2009,Both,90 to 99,77455
netherlands,2009,Both,Overall,16508902
netherlands,2009,Female,0 to 9,896139.5
netherlands,2009,Female,10 to 19,975008
netherlands,2009,Female,100 and over,0
netherlands,2009,Female,20 to 29,991365.5
netherlands,2009,Female,30 to 39,1087239
netherlands,2009,Female,40 to 49,1279783
netherlands,2009,Female,50 to 59,1126884
netherlands,2009,Female,60 to 69,929659
netherlands,2009,Female,70 to 79,613225.5
netherlands,2009,Female,80 to 89,374931.5
netherlands,2009,Female,90 to 99,58595.5
netherlands,2009,Female,Overall,8332830.5
netherlands,2009,Male,0 to 9,938284
netherlands,2009,Male,10 to 19,1021810
netherlands,2009,Male,100 and over,0
netherlands,2009,Male,20 to 29,1009783
netherlands,2009,Male,30 to 39,1090773.5
netherlands,2009,Male,40 to 49,1306819.5
netherlands,2009,Male,50 to 59,1138318.5
netherlands,2009,Male,60 to 69,925977.5
netherlands,2009,Male,70 to 79,516442
netherlands,2009,Male,80 to 89,209004
netherlands,2009,Male,90 to 99,18859.5
netherlands,2009,Male,Overall,8176071.5
netherlands,2010,Both,0 to 9,1814980.5
netherlands,2010,Both,10 to 19,2002093.5
netherlands,2010,Both,100 and over,0
netherlands,2010,Both,20 to 29,2025561.5
netherlands,2010,Both,30 to 39,2125297.5
netherlands,2010,Both,40 to 49,2596317
netherlands,2010,Both,50 to 59,2291768
netherlands,2010,Both,60 to 69,1904095
netherlands,2010,Both,70 to 79,1152133.5
netherlands,2010,Both,80 to 89,596684
netherlands,2010,Both,90 to 99,84351
netherlands,2010,Both,Overall,16593281.5
netherlands,2010,Female,0 to 9,886463
netherlands,2010,Female,10 to 19,977944
netherlands,2010,Female,100 and over,0
netherlands,2010,Female,20 to 29,1003121
netherlands,2010,Female,30 to 39,1061702
netherlands,2010,Female,40 to 49,1285682.5
netherlands,2010,Female,50 to 59,1140714.5
netherlands,2010,Female,60 to 69,953773
netherlands,2010,Female,70 to 79,621460.5
netherlands,2010,Female,80 to 89,379796.5
netherlands,2010,Female,90 to 99,63095
netherlands,2010,Female,Overall,8373752
netherlands,2010,Male,0 to 9,928517.5
netherlands,2010,Male,10 to 19,1024149.5
netherlands,2010,Male,100 and over,0
netherlands,2010,Male,20 to 29,1022440.5
netherlands,2010,Male,30 to 39,1063595.5
netherlands,2010,Male,40 to 49,1310634.5
netherlands,2010,Male,50 to 59,1151053.5
netherlands,2010,Male,60 to 69,950322
netherlands,2010,Male,70 to 79,530673
netherlands,2010,Male,80 to 89,216887.5
netherlands,2010,Male,90 to 99,21256
netherlands,2010,Male,Overall,8219529.5
netherlands,2011,Both,0 to 9,1796400.5
netherlands,2011,Both,10 to 19,2003822.5
netherlands,2011,Both,100 and over,0
netherlands,2011,Both,20 to 29,2051073.5
netherlands,2011,Both,30 to 39,2080261.5
netherlands,2011,Both,40 to 49,2587847.5
netherlands,2011,Both,50 to 59,2326021
netherlands,2011,Both,60 to 69,1954390
netherlands,2011,Both,70 to 79,1171245
netherlands,2011,Both,80 to 89,608387
netherlands,2011,Both,90 to 99,90723.5
netherlands,2011,Both,Overall,16670172
netherlands,2011,Female,0 to 9,877228.5
netherlands,2011,Female,10 to 19,978688
netherlands,2011,Female,100 and over,0
netherlands,2011,Female,20 to 29,1015515.5
netherlands,2011,Female,30 to 39,1040247
netherlands,2011,Female,40 to 49,1282835
netherlands,2011,Female,50 to 59,1158622.5
netherlands,2011,Female,60 to 69,979130.5
netherlands,2011,Female,70 to 79,627889
netherlands,2011,Female,80 to 89,383712.5
netherlands,2011,Female,90 to 99,67240
netherlands,2011,Female,Overall,8411108.5
netherlands,2011,Male,0 to 9,919172
netherlands,2011,Male,10 to 19,1025134.5
netherlands,2011,Male,100 and over,0
netherlands,2011,Male,20 to 29,1035558
netherlands,2011,Male,30 to 39,1040014.5
netherlands,2011,Male,40 to 49,1305012.5
netherlands,2011,Male,50 to 59,1167398.5
netherlands,2011,Male,60 to 69,975259.5
netherlands,2011,Male,70 to 79,543356
netherlands,2011,Male,80 to 89,224674.5
netherlands,2011,Male,90 to 99,23483.5
netherlands,2011,Male,Overall,8259063.5
netherlands,2012,Both,0 to 9,1774184
netherlands,2012,Both,10 to 19,2005496
netherlands,2012,Both,100 and over,0
netherlands,2012,Both,20 to 29,2074261.5
netherlands,2012,Both,30 to 39,2040966.5
netherlands,2012,Both,40 to 49,2564985.5
netherlands,2012,Both,50 to 59,2355450
netherlands,2012,Both,60 to 69,2003978.5
netherlands,2012,Both,70 to 79,1194829.5
netherlands,2012,Both,80 to 89,621201.5
netherlands,2012,Both,90 to 99,95879
netherlands,2012,Both,Overall,16731232
netherlands,2012,Female,0 to 9,866166.5
netherlands,2012,Female,10 to 19,979747
netherlands,2012,Female,100 and over,0
netherlands,2012,Female,20 to 29,1026577
netherlands,2012,Female,30 to 39,1020396.5
netherlands,2012,Female,40 to 49,1273852.5
netherlands,2012,Female,50 to 59,1174033.5
netherlands,2012,Female,60 to 69,1004269
netherlands,2012,Female,70 to 79,636484
netherlands,2012,Female,80 to 89,388341.5
netherlands,2012,Female,90 to 99,70599.5
netherlands,2012,Female,Overall,8440467
netherlands,2012,Male,0 to 9,908017.5
netherlands,2012,Male,10 to 19,1025749
netherlands,2012,Male,100 and over,0
netherlands,2012,Male,20 to 29,1047684.5
netherlands,2012,Male,30 to 39,1020570
netherlands,2012,Male,40 to 49,1291133
netherlands,2012,Male,50 to 59,1181416.5
netherlands,2012,Male,60 to 69,999709.5
netherlands,2012,Male,70 to 79,558345.5
netherlands,2012,Male,80 to 89,232860
netherlands,2012,Male,90 to 99,25279.5
netherlands,2012,Male,Overall,8290765
netherlands,2013,Both,0 to 9,1747811
netherlands,2013,Both,10 to 19,2008283
netherlands,2013,Both,100 and over,0
netherlands,2013,Both,20 to 29,2093121
netherlands,2013,Both,30 to 39,2018528
netherlands,2013,Both,40 to 49,2519751
netherlands,2013,Both,50 to 59,2389822.5
netherlands,2013,Both,60 to 69,2040297
netherlands,2013,Both,70 to 79,1231341.5
netherlands,2013,Both,80 to 89,629932
netherlands,2013,Both,90 to 99,101521.5
netherlands,2013,Both,Overall,16780408.5
netherlands,2013,Female,0 to 9,853051.5
netherlands,2013,Female,10 to 19,980981.5
netherlands,2013,Female,100 and over,0
netherlands,2013,Female,20 to 29,1035671
netherlands,2013,Female,30 to 39,1008884
netherlands,2013,Female,40 to 49,1254021
netherlands,2013,Female,50 to 59,1191451
netherlands,2013,Female,60 to 69,1023077
netherlands,2013,Female,70 to 79,652234.5
netherlands,2013,Female,80 to 89,390370.5
netherlands,2013,Female,90 to 99,74258
netherlands,2013,Female,Overall,8464000
netherlands,2013,Male,0 to 9,894759.5
netherlands,2013,Male,10 to 19,1027301.5
netherlands,2013,Male,100 and over,0
netherlands,2013,Male,20 to 29,1057450
netherlands,2013,Male,30 to 39,1009644
netherlands,2013,Male,40 to 49,1265730
netherlands,2013,Male,50 to 59,1198371.5
netherlands,2013,Male,60 to 69,1017220
netherlands,2013,Male,70 to 79,579107
netherlands,2013,Male,80 to 89,239561.5
netherlands,2013,Male,90 to 99,27263.5
netherlands,2013,Male,Overall,8316408.5
netherlands,2014,Both,0 to 9,1728993.5
netherlands,2014,Both,10 to 19,2005185
netherlands,2014,Both,100 and over,0
netherlands,2014,Both,20 to 29,2110890
netherlands,2014,Both,30 to 39,2012505.5
netherlands,2014,Both,40 to 49,2464062
netherlands,2014,Both,50 to 59,2426238
netherlands,2014,Both,60 to 69,2070929.5
netherlands,2014,Both,70 to 79,1273403.5
netherlands,2014,Both,80 to 89,641939.5
netherlands,2014,Both,90 to 99,105985.5
netherlands,2014,Both,Overall,16840132
netherlands,2014,Female,0 to 9,843614
netherlands,2014,Female,10 to 19,979653
netherlands,2014,Female,100 and over,0
netherlands,2014,Female,20 to 29,1043576.5
netherlands,2014,Female,30 to 39,1004785
netherlands,2014,Female,40 to 49,1228820
netherlands,2014,Female,50 to 59,1209724.5
netherlands,2014,Female,60 to 69,1038763
netherlands,2014,Female,70 to 79,671146
netherlands,2014,Female,80 to 89,394003.5
netherlands,2014,Female,90 to 99,77180.5
netherlands,2014,Female,Overall,8491266
netherlands,2014,Male,0 to 9,885379.5
netherlands,2014,Male,10 to 19,1025532
netherlands,2014,Male,100 and over,0
netherlands,2014,Male,20 to 29,1067313.5
netherlands,2014,Male,30 to 39,1007720.5
netherlands,2014,Male,40 to 49,1235242
netherlands,2014,Male,50 to 59,1216513.5
netherlands,2014,Male,60 to 69,1032166.5
netherlands,2014,Male,70 to 79,602257.5
netherlands,2014,Male,80 to 89,247936
netherlands,2014,Male,90 to 99,28805
netherlands,2014,Male,Overall,8348866
netherlands,2015,Both,0 to 9,1718289
netherlands,2015,Both,10 to 19,2004387.5
netherlands,2015,Both,100 and over,2830.5
netherlands,2015,Both,20 to 29,2125659
netherlands,2015,Both,30 to 39,2022979
netherlands,2015,Both,40 to 49,2406672.5
netherlands,2015,Both,50 to 59,2455780.5
netherlands,2015,Both,60 to 69,2111083
netherlands,2015,Both,70 to 79,1305691.5
netherlands,2015,Both,80 to 89,654618.5
netherlands,2015,Both,90 to 99,131932
netherlands,2015,Both,Overall,16939923
netherlands,2015,Female,0 to 9,838407
netherlands,2015,Female,10 to 19,978794.5
netherlands,2015,Female,100 and over,2437
netherlands,2015,Female,20 to 29,1049565
netherlands,2015,Female,30 to 39,1009167.5
netherlands,2015,Female,40 to 49,1202500
netherlands,2015,Female,50 to 59,1223505.5
netherlands,2015,Female,60 to 69,1059962.5
netherlands,2015,Female,70 to 79,685540.5
netherlands,2015,Female,80 to 89,398023
netherlands,2015,Female,90 to 99,97024
netherlands,2015,Female,Overall,8544926.5
netherlands,2015,Male,0 to 9,879882
netherlands,2015,Male,10 to 19,1025593
netherlands,2015,Male,100 and over,393.5
netherlands,2015,Male,20 to 29,1076094
netherlands,2015,Male,30 to 39,1013811.5
netherlands,2015,Male,40 to 49,1204172.5
netherlands,2015,Male,50 to 59,1232275
netherlands,2015,Male,60 to 69,1051120.5
netherlands,2015,Male,70 to 79,620151
netherlands,2015,Male,80 to 89,256595.5
netherlands,2015,Male,90 to 99,34908
netherlands,2015,Male,Overall,8394996.5
netherlands,2016,Both,0 to 9,1710628.5
netherlands,2016,Both,10 to 19,2006249
netherlands,2016,Both,100 and over,2892
netherlands,2016,Both,20 to 29,2141476.5
netherlands,2016,Both,30 to 39,2044328.5
netherlands,2016,Both,40 to 49,2355048.5
netherlands,2016,Both,50 to 59,2476966.5
netherlands,2016,Both,60 to 69,2094158
netherlands,2016,Both,70 to 79,1396048.5
netherlands,2016,Both,80 to 89,667438
netherlands,2016,Both,90 to 99,135079.5
netherlands,2016,Both,Overall,17030313.5
netherlands,2016,Female,0 to 9,834602
netherlands,2016,Female,10 to 19,979295.5
netherlands,2016,Female,100 and over,2476.5
netherlands,2016,Female,20 to 29,1054842.5
netherlands,2016,Female,30 to 39,1019179.5
netherlands,2016,Female,40 to 49,1177899
netherlands,2016,Female,50 to 59,1233889.5
netherlands,2016,Female,60 to 69,1052027.5
netherlands,2016,Female,70 to 79,729360.5
netherlands,2016,Female,80 to 89,402172
netherlands,2016,Female,90 to 99,98450.5
netherlands,2016,Female,Overall,8584195
netherlands,2016,Male,0 to 9,876026.5
netherlands,2016,Male,10 to 19,1026953.5
netherlands,2016,Male,100 and over,415.5
netherlands,2016,Male,20 to 29,1086634
netherlands,2016,Male,30 to 39,1025149
netherlands,2016,Male,40 to 49,1177149.5
netherlands,2016,Male,50 to 59,1243077
netherlands,2016,Male,60 to 69,1042130.5
netherlands,2016,Male,70 to 79,666688
netherlands,2016,Male,80 to 89,265266
netherlands,2016,Male,90 to 99,36629
netherlands,2016,Male,Overall,8446118.5
netherlands,2017,Both,0 to 9,1706480.5
netherlands,2017,Both,10 to 19,2004786
netherlands,2017,Both,100 and over,2954
netherlands,2017,Both,20 to 29,2161154
netherlands,2017,Both,30 to 39,2071678.5
netherlands,2017,Both,40 to 49,2305375.5
netherlands,2017,Both,50 to 59,2494710.5
netherlands,2017,Both,60 to 69,2088972.5
netherlands,2017,Both,70 to 79,1477267.5
netherlands,2017,Both,80 to 89,680543
netherlands,2017,Both,90 to 99,137373.5
netherlands,2017,Both,Overall,17131295.5
netherlands,2017,Female,0 to 9,831978.5
netherlands,2017,Female,10 to 19,978214.5
netherlands,2017,Female,100 and over,2510
netherlands,2017,Female,20 to 29,1064340.5
netherlands,2017,Female,30 to 39,1031132.5
netherlands,2017,Female,40 to 49,1154938.5
netherlands,2017,Female,50 to 59,1242276.5
netherlands,2017,Female,60 to 69,1049831
netherlands,2017,Female,70 to 79,769198.5
netherlands,2017,Female,80 to 89,406685.5
netherlands,2017,Female,90 to 99,99118
netherlands,2017,Female,Overall,8630224
netherlands,2017,Male,0 to 9,874502
netherlands,2017,Male,10 to 19,1026571.5
netherlands,2017,Male,100 and over,444
netherlands,2017,Male,20 to 29,1096813.5
netherlands,2017,Male,30 to 39,1040546
netherlands,2017,Male,40 to 49,1150437
netherlands,2017,Male,50 to 59,1252434
netherlands,2017,Male,60 to 69,1039141.5
netherlands,2017,Male,70 to 79,708069
netherlands,2017,Male,80 to 89,273857.5
netherlands,2017,Male,90 to 99,38255.5
netherlands,2017,Male,Overall,8501071.5
netherlands,2018,Both,0 to 9,1695253.5
netherlands,2018,Both,10 to 19,1999100.5
netherlands,2018,Both,100 and over,2931.5
netherlands,2018,Both,20 to 29,2187177
netherlands,2018,Both,30 to 39,2099765.5
netherlands,2018,Both,40 to 49,2258228.5
netherlands,2018,Both,50 to 59,2511406.5
netherlands,2018,Both,60 to 69,2099652.5
netherlands,2018,Both,70 to 79,1539419
netherlands,2018,Both,80 to 89,698365.5
netherlands,2018,Both,90 to 99,140323.5
netherlands,2018,Both,Overall,17231623.5
netherlands,2018,Female,0 to 9,826559
netherlands,2018,Female,10 to 19,975645.5
netherlands,2018,Female,100 and over,2475
netherlands,2018,Female,20 to 29,1076851
netherlands,2018,Female,30 to 39,1043998
netherlands,2018,Female,40 to 49,1132497
netherlands,2018,Female,50 to 59,1251030
netherlands,2018,Female,60 to 69,1055896
netherlands,2018,Female,70 to 79,799057.5
netherlands,2018,Female,80 to 89,413165.5
netherlands,2018,Female,90 to 99,100385.5
netherlands,2018,Female,Overall,8677560
netherlands,2018,Male,0 to 9,868694.5
netherlands,2018,Male,10 to 19,1023455
netherlands,2018,Male,100 and over,456.5
netherlands,2018,Male,20 to 29,1110326
netherlands,2018,Male,30 to 39,1055767.5
netherlands,2018,Male,40 to 49,1125731.5
netherlands,2018,Male,50 to 59,1260376.5
netherlands,2018,Male,60 to 69,1043756.5
netherlands,2018,Male,70 to 79,740361.5
netherlands,2018,Male,80 to 89,285200
netherlands,2018,Male,90 to 99,39938
netherlands,2018,Male,Overall,8554063.5
netherlands,2019,Both,0 to 9,1683439.5
netherlands,2019,Both,10 to 19,1991373.5
netherlands,2019,Both,100 and over,3122.5
netherlands,2019,Both,20 to 29,2215956.5
netherlands,2019,Both,30 to 39,2136511.5
netherlands,2019,Both,40 to 49,2203582
netherlands,2019,Both,50 to 59,2534730
netherlands,2019,Both,60 to 69,2123017
netherlands,2019,Both,70 to 79,1591797.5
netherlands,2019,Both,80 to 89,718248.5
netherlands,2019,Both,90 to 99,143095.5
netherlands,2019,Both,Overall,17344874
netherlands,2019,Female,0 to 9,820878
netherlands,2019,Female,10 to 19,972194
netherlands,2019,Female,100 and over,2595.5
netherlands,2019,Female,20 to 29,1090297
netherlands,2019,Female,30 to 39,1060721
netherlands,2019,Female,40 to 49,1105946
netherlands,2019,Female,50 to 59,1262638.5
netherlands,2019,Female,60 to 69,1067999
netherlands,2019,Female,70 to 79,824161
netherlands,2019,Female,80 to 89,421276
netherlands,2019,Female,90 to 99,101609.5
netherlands,2019,Female,Overall,8730315.5
netherlands,2019,Male,0 to 9,862561.5
netherlands,2019,Male,10 to 19,1019179.5
netherlands,2019,Male,100 and over,527
netherlands,2019,Male,20 to 29,1125659.5
netherlands,2019,Male,30 to 39,1075790.5
netherlands,2019,Male,40 to 49,1097636
netherlands,2019,Male,50 to 59,1272091.5
netherlands,2019,Male,60 to 69,1055018
netherlands,2019,Male,70 to 79,767636.5
netherlands,2019,Male,80 to 89,296972.5
netherlands,2019,Male,90 to 99,41486
netherlands,2019,Male,Overall,8614558.5
netherlands,2020,Both,0 to 9,1670238.5
netherlands,2020,Both,10 to 19,1976878.5
netherlands,2020,Both,100 and over,3412.5
netherlands,2020,Both,20 to 29,2233494.5
netherlands,2020,Both,30 to 39,2173690
netherlands,2020,Both,40 to 49,2162900.5
netherlands,2020,Both,50 to 59,2551941.5
netherlands,2020,Both,60 to 69,2151225
netherlands,2020,Both,70 to 79,1634705
netherlands,2020,Both,80 to 89,736407.5
netherlands,2020,Both,90 to 99,146606.5
netherlands,2020,Both,Overall,17441500
netherlands,2020,Female,0 to 9,814120
netherlands,2020,Female,10 to 19,964990.5
netherlands,2020,Female,100 and over,2840
netherlands,2020,Female,20 to 29,1098717.5
netherlands,2020,Female,30 to 39,1076741.5
netherlands,2020,Female,40 to 49,1085459
netherlands,2020,Female,50 to 59,1271692
netherlands,2020,Female,60 to 69,1082477
netherlands,2020,Female,70 to 79,845470
netherlands,2020,Female,80 to 89,428320.5
netherlands,2020,Female,90 to 99,103388.5
netherlands,2020,Female,Overall,8774216.5
netherlands,2020,Male,0 to 9,856118.5
netherlands,2020,Male,10 to 19,1011888
netherlands,2020,Male,100 and over,572.5
netherlands,2020,Male,20 to 29,1134777
netherlands,2020,Male,30 to 39,1096948.5
netherlands,2020,Male,40 to 49,1077441.5
netherlands,2020,Male,50 to 59,1280249.5
netherlands,2020,Male,60 to 69,1068748
netherlands,2020,Male,70 to 79,789235
netherlands,2020,Male,80 to 89,308087
netherlands,2020,Male,90 to 99,43218
netherlands,2020,Male,Overall,8667283.5
netherlands,2021,Both,0 to 9,1665567
netherlands,2021,Both,10 to 19,1965038
netherlands,2021,Both,100 and over,3484
netherlands,2021,Both,20 to 29,2247779
netherlands,2021,Both,30 to 39,2211241.5
netherlands,2021,Both,40 to 49,2129321.5
netherlands,2021,Both,50 to 59,2551752
netherlands,2021,Both,60 to 69,2186358
netherlands,2021,Both,70 to 79,1675611
netherlands,2021,Both,80 to 89,748733
netherlands,2021,Both,90 to 99,148158.5
netherlands,2021,Both,Overall,17533043.5
netherlands,2021,Female,0 to 9,812006.5
netherlands,2021,Female,10 to 19,959075.5
netherlands,2021,Female,100 and over,2883.5
netherlands,2021,Female,20 to 29,1105283
netherlands,2021,Female,30 to 39,1093044
netherlands,2021,Female,40 to 49,1068622
netherlands,2021,Female,50 to 59,1272289
netherlands,2021,Female,60 to 69,1100905
netherlands,2021,Female,70 to 79,866295.5
netherlands,2021,Female,80 to 89,432664
netherlands,2021,Female,90 to 99,103973.5
netherlands,2021,Female,Overall,8817041.5
netherlands,2021,Male,0 to 9,853560.5
netherlands,2021,Male,10 to 19,1005962.5
netherlands,2021,Male,100 and over,600.5
netherlands,2021,Male,20 to 29,1142496
netherlands,2021,Male,30 to 39,1118197.5
netherlands,2021,Male,40 to 49,1060699.5
netherlands,2021,Male,50 to 59,1279463
netherlands,2021,Male,60 to 69,1085453
netherlands,2021,Male,70 to 79,809315.5
netherlands,2021,Male,80 to 89,316069
netherlands,2021,Male,90 to 99,44185
netherlands,2021,Male,Overall,8716002
netherlands,2022,Both,0 to 9,1671665
netherlands,2022,Both,10 to 19,1961016.5
netherlands,2022,Both,100 and over,3539.5
netherlands,2022,Both,20 to 29,2290074.5
netherlands,2022,Both,30 to 39,2267013.5
netherlands,2022,Both,40 to 49,2113021.5
netherlands,2022,Both,50 to 59,2541122
netherlands,2022,Both,60 to 69,2219697
netherlands,2022,Both,70 to 79,1717591.5
netherlands,2022,Both,80 to 89,765922.5
netherlands,2022,Both,90 to 99,150318
netherlands,2022,Both,Overall,17700981.5
netherlands,2022,Female,0 to 9,815203
netherlands,2022,Female,10 to 19,956954.5
netherlands,2022,Female,100 and over,2950.5
netherlands,2022,Female,20 to 29,1127825.5
netherlands,2022,Female,30 to 39,1119820.5
netherlands,2022,Female,40 to 49,1060221.5
netherlands,2022,Female,50 to 59,1269485.5
netherlands,2022,Female,60 to 69,1118317.5
netherlands,2022,Female,70 to 79,888115.5
netherlands,2022,Female,80 to 89,439535.5
netherlands,2022,Female,90 to 99,104663.5
netherlands,2022,Female,Overall,8903093
netherlands,2022,Male,0 to 9,856462
netherlands,2022,Male,10 to 19,1004062
netherlands,2022,Male,100 and over,589
netherlands,2022,Male,20 to 29,1162249
netherlands,2022,Male,30 to 39,1147193
netherlands,2022,Male,40 to 49,1052800
netherlands,2022,Male,50 to 59,1271636.5
netherlands,2022,Male,60 to 69,1101379.5
netherlands,2022,Male,70 to 79,829476
netherlands,2022,Male,80 to 89,326387
netherlands,2022,Male,90 to 99,45654.5
netherlands,2022,Male,Overall,8797888.5
netherlands,2023,Both,0 to 9,1674321
netherlands,2023,Both,10 to 19,1954316
netherlands,2023,Both,100 and over,3456
netherlands,2023,Both,20 to 29,2334034
netherlands,2023,Both,30 to 39,2327562.5
netherlands,2023,Both,40 to 49,2118876
netherlands,2023,Both,50 to 59,2510885.5
netherlands,2023,Both,60 to 69,2259464.5
netherlands,2023,Both,70 to 79,1749510
netherlands,2023,Both,80 to 89,793118.5
netherlands,2023,Both,90 to 99,151572.5
netherlands,2023,Both,Overall,17877116.5
netherlands,2023,Female,0 to 9,816961
netherlands,2023,Female,10 to 19,952212.5
netherlands,2023,Female,100 and over,2850.5
netherlands,2023,Female,20 to 29,1150539.5
netherlands,2023,Female,30 to 39,1148799
netherlands,2023,Female,40 to 49,1063430
netherlands,2023,Female,50 to 59,1257342.5
netherlands,2023,Female,60 to 69,1138452.5
netherlands,2023,Female,70 to 79,904815
netherlands,2023,Female,80 to 89,451445.5
netherlands,2023,Female,90 to 99,104730
netherlands,2023,Female,Overall,8991578
netherlands,2023,Male,0 to 9,857360
netherlands,2023,Male,10 to 19,1002103.5
netherlands,2023,Male,100 and over,605.5
netherlands,2023,Male,20 to 29,1183494.5
netherlands,2023,Male,30 to 39,1178763.5
netherlands,2023,Male,40 to 49,1055446
netherlands,2023,Male,50 to 59,1253543
netherlands,2023,Male,60 to 69,1121012
netherlands,2023,Male,70 to 79,844695
netherlands,2023,Male,80 to 89,341673
netherlands,2023,Male,90 to 99,46842.5
netherlands,2023,Male,Overall,8885538.5
netherlands,2024,Both,0 to 9,1664545.5
netherlands,2024,Both,10 to 19,1950744.5
netherlands,2024,Both,100 and over,3499.5
netherlands,2024,Both,20 to 29,2353460
netherlands,2024,Both,30 to 39,2369561.5
netherlands,2024,Both,40 to 49,2132025.5
netherlands,2024,Both,50 to 59,2467341.5
netherlands,2024,Both,60 to 69,2298324
netherlands,2024,Both,70 to 79,1776504
netherlands,2024,Both,80 to 89,823297.5
netherlands,2024,Both,90 to 99,154181
netherlands,2024,Both,Overall,17993484.5
netherlands,2024,Female,0 to 9,811980.5
netherlands,2024,Female,10 to 19,948646.5
netherlands,2024,Female,100 and over,2854
netherlands,2024,Female,20 to 29,1159747.5
netherlands,2024,Female,30 to 39,1168012.5
netherlands,2024,Female,40 to 49,1068171
netherlands,2024,Female,50 to 59,1237696
netherlands,2024,Female,60 to 69,1157599.5
netherlands,2024,Female,70 to 79,918387.5
netherlands,2024,Female,80 to 89,465400.5
netherlands,2024,Female,90 to 99,105379.5
netherlands,2024,Female,Overall,9043875
netherlands,2024,Male,0 to 9,852565
netherlands,2024,Male,10 to 19,1002098
netherlands,2024,Male,100 and over,645.5
netherlands,2024,Male,20 to 29,1193712.5
netherlands,2024,Male,30 to 39,1201549
netherlands,2024,Male,40 to 49,1063854.5
netherlands,2024,Male,50 to 59,1229645.5
netherlands,2024,Male,60 to 69,1140724.5
netherlands,2024,Male,70 to 79,858116.5
netherlands,2024,Male,80 to 89,357897
netherlands,2024,Male,90 to 99,48801.5
netherlands,2024,Male,Overall,8949609.5
